{"cameraMode":{"drawMode":0,"name":"Shaded","section":"Shading Mode"},"sceneLighting":true,"audioPlay":false,"sceneViewState":{"showFog":true,"showMaterialUpdate":true,"showSkybox":true,"showFlares":true,"showImageEffects":true,"showParticleSystems":true},"in2DMode":false,"pivot":{"x":584.0042114257813,"y":-83.62355041503906,"z":287.616455078125},"rotation":{"x":0.011072665452957154,"y":0.9783694744110107,"z":-0.19934432208538056,"w":0.05435575544834137},"size":402.94757080078127,"orthographic":false}